Legal Name,Puerto Rico Link,Google ID,Name,Full address,Is closed,Description 1,Main type,All types,Website,Website (root url),Phone,Phone international,Borough,Street,City,Postal code,State,Country,Country code,Longitude,Latitude,Link,First seen on,Reviews count,Reviews rating,Reviews per score,Photos count,Photo 1,Photo 2,All photos
PIZZA E BIRRA MIRAMAR INC.,https://rcp.estado.pr.gov/en/entity-information?c=348604-111,0x8c036f257de4dd05:0x17ded4d9e890237d,Pizza e Birra,"Pizza e Birra, 653 PR-25, San Juan, 00907, Puerto Rico",No,,Pizza restaurant,"Bar,Cocktail bar,Family restaurant,Italian restaurant,Lunch restaurant,Pizza restaurant,Restaurant,Wine bar",https://www.facebook.com/PizzaEBirraMiramar,https://www.facebook.com,+1 787-729-8866,17877298866,Miramar,653 PR-25,San Juan,907,San Juan,Puerto Rico,PR,-66.0846239,18.4565108,"https://www.google.com/maps/preview/place/Pizza+e+Birra,+653+PR-25,+San+Juan,+00907,+Puerto+Rico/@18.4565108,-66.0846239,3785a,13.1y/data=!4m2!3m1!1s0x8c036f257de4dd05:0x17ded4d9e890237d",8/29/2021,1117,4.3,"{""1"":56.0,""2"":31.0,""3"":109.0,""4"":244.0,""5"":677.0}",493,https://lh5.googleusercontent.com/p/AF1QipOYfbVouUw4suEmbfCCkpKpZMtYYgmCS06AQxZf,https://lh5.googleusercontent.com/p/AF1QipO0d1T776-JKktvO5fCGGd0tXc6zC9LdXpbLx7E,"[""https:\/\/lh5.googleusercontent.com\/p\/AF1QipOYfbVouUw4suEmbfCCkpKpZMtYYgmCS06AQxZf"",""https:\/\/lh5.googleusercontent.com\/p\/AF1QipO0d1T776-JKktvO5fCGGd0tXc6zC9LdXpbLx7E""]"
,,0x8c0365dbfc795b5f:0xaa35e7d8b418bbc1,Ruth's Chris Steak House,"Ruth's Chris Steak House, San Juan Resort & Casino, 5961 Av. Isla Verde, Carolina, 00979, Puerto Rico",No,"Visit Ruth's Chris Steak House for the finest cuts of USDA Prime beef served sizzling on 500-degree plates, award-winning wines and an unforgettable night.",Steak house,"American restaurant,Caterer,Fine dining restaurant,Seafood restaurant,Steak house",http://www.ruthschris.com/Restaurant-Locations/san-juan,http://www.ruthschris.com,+1 787-253-1717,17872531717,Cangrejo Arriba,"San Juan Resort & Casino, 5961 Av. Isla Verde",Carolina,979,Carolina,Puerto Rico,PR,-66.0198217,18.4431363,"https://www.google.com/maps/preview/place/Ruth's+Chris+Steak+House,+San+Juan+Resort+%26+Casino,+5961+Av.+Isla+Verde,+Carolina,+00979,+Puerto+Rico/@18.4431363,-66.0198217,3785a,13.1y/data=!4m2!3m1!1s0x8c0365dbfc795b5f:0xaa35e7d8b418bbc1",8/29/2021,793,4.4,"{""1"":49.0,""2"":27.0,""3"":47.0,""4"":125.0,""5"":545.0}",442,https://lh5.googleusercontent.com/p/AF1QipPAwOKCNy0QG1V11UkUcch5AshUOGBLAwQhnqTP,https://lh5.googleusercontent.com/p/AF1QipOTrA8T5ponvxbeICRr7tJ8Etw94a3-LBdtCxBA,"[""https:\/\/lh5.googleusercontent.com\/p\/AF1QipPAwOKCNy0QG1V11UkUcch5AshUOGBLAwQhnqTP"",""https:\/\/lh5.googleusercontent.com\/p\/AF1QipOTrA8T5ponvxbeICRr7tJ8Etw94a3-LBdtCxBA""]"
,,0x8c036ec480f753bf:0xfce114047bd02ef5,Morton's The Steakhouse,"Morton's The Steakhouse, 1 Calle San Geronimo Grounds, Suite 13, San Juan, 00901, Puerto Rico",No,High-end chain for prime beef & seafood,Restaurant,"American restaurant,Family restaurant,Restaurant,Steak house",https://www.mortons.com/location/mortons-the-steakhouse-san-juan-pr,https://www.mortons.com,+1 787-977-6262,17879776262,San Juan Antiguo,"1 Calle San Geronimo Grounds, Suite 13",San Juan,901,San Juan,Puerto Rico,PR,-66.08548,18.463553,"https://www.google.com/maps/preview/place/Morton's+The+Steakhouse,+1+Calle+San+Geronimo+Grounds,+Suite+13,+San+Juan,+00901,+Puerto+Rico/@18.463553,-66.08548,3784a,13.1y/data=!4m2!3m1!1s0x8c036ec480f753bf:0xfce114047bd02ef5",8/29/2021,669,4.5,"{""1"":44.0,""2"":24.0,""3"":28.0,""4"":60.0,""5"":513.0}",800,https://lh5.googleusercontent.com/p/AF1QipM8EmCapy9Gtqva22Vy155WRF_YAFVA9u7i9IXM,https://lh5.googleusercontent.com/p/AF1QipMXFzYlMVszchCVFTXmROrTxAs5zEgwqlsUagWF,"[""https:\/\/lh5.googleusercontent.com\/p\/AF1QipM8EmCapy9Gtqva22Vy155WRF_YAFVA9u7i9IXM"",""https:\/\/lh5.googleusercontent.com\/p\/AF1QipMXFzYlMVszchCVFTXmROrTxAs5zEgwqlsUagWF""]"
EL CANTINFLAS TACOS CORPORATION,https://rcp.estado.pr.gov/en/entity-information?c=57468-111,0x8c03432517f4d375:0x9f6ddfe7ddd8b2f5,El Cantinflas Tacos Place,"El Cantinflas Tacos Place, Carr # 1 km 27.0, Caguas, 00725, Puerto Rico",No,Los mejores tacos de PR!,Mexican restaurant,Mexican restaurant,,,+1 787-600-7475,17876007475,,Carr # 1 km 27.0,Caguas,725,Caguas,Puerto Rico,PR,-66.0603244,18.2990487,"https://www.google.com/maps/preview/place/El+Cantinflas+Tacos+Place,+Carr+%23+1+km+27.0,+Caguas,+00725,+Puerto+Rico/@18.2990487,-66.0603244,3788a,13.1y/data=!4m2!3m1!1s0x8c03432517f4d375:0x9f6ddfe7ddd8b2f5",8/29/2021,6011,4.4,"{""1"":171.0,""2"":151.0,""3"":539.0,""4"":1217.0,""5"":3933.0}",704,https://lh5.googleusercontent.com/p/AF1QipPeyMa25Kgddw5-xhZULDpJld2twCBZo4Psx2Mq,https://lh5.googleusercontent.com/p/AF1QipP3MSskxW4ot6LVgaMkETCz2N0ss8TZtNVbdYjf,"[""https:\/\/lh5.googleusercontent.com\/p\/AF1QipPeyMa25Kgddw5-xhZULDpJld2twCBZo4Psx2Mq"",""https:\/\/lh5.googleusercontent.com\/p\/AF1QipP3MSskxW4ot6LVgaMkETCz2N0ss8TZtNVbdYjf""]"
,,0x8c0366ff29ccbe63:0x9d6f9875eafcdd56,Sam's Club,"Sam's Club, Plaza Escorial Bo San Anton, Carretera 3, Carolina, 00987, Puerto Rico",No,"Visit your Carolina Sam's Club. Members enjoy exceptional warehouse club values on superior products and services, including groceries, pharmacy, optical, home furnishings, office supplies, TVs, and more.",Warehouse club,"Bakery,Electronics store,Produce wholesaler,Warehouse club,Wholesale grocer",https://www.samsclub.com/club/carolina-pr-sams-club/6543,https://www.samsclub.com,+1 787-257-1500,17872571500,San Antón,"Plaza Escorial Bo San Anton, Carretera 3",Carolina,987,Carolina,Puerto Rico,PR,-65.9956895,18.3941579,"https://www.google.com/maps/preview/place/Sam's+Club,+Plaza+Escorial+Bo+San+Anton,+Carretera+3,+Carolina,+00987,+Puerto+Rico/@18.3941579,-65.9956895,3786a,13.1y/data=!4m2!3m1!1s0x8c0366ff29ccbe63:0x9d6f9875eafcdd56",8/29/2021,2820,4.3,"{""1"":172.0,""2"":96.0,""3"":176.0,""4"":542.0,""5"":1834.0}",1349,https://lh5.googleusercontent.com/p/AF1QipPNeh3_Sse_F0LCWfbq_Vh8bb-OSpiW0fRN2q3S,https://lh5.googleusercontent.com/p/AF1QipPlk0ipby00vONs9vTV3kpgNrKKmtZ3PThdY60_,"[""https:\/\/lh5.googleusercontent.com\/p\/AF1QipPNeh3_Sse_F0LCWfbq_Vh8bb-OSpiW0fRN2q3S"",""https:\/\/lh5.googleusercontent.com\/p\/AF1QipPlk0ipby00vONs9vTV3kpgNrKKmtZ3PThdY60_""]"
,,0x8c02e7ceb3173c65:0xc795419ecb389cf5,Sam's Club,"Sam's Club, PR-2 Km 84.2, Carrizales, Hatillo 00659, Puerto Rico",No,"Visit your Hatillo Sam's Club. Members enjoy exceptional warehouse club values on superior products and services, including groceries, pharmacy, optical, home furnishings, office supplies, TVs, and more.",Warehouse club,"Bakery,Electronics store,Produce wholesaler,Warehouse club,Wholesale grocer",https://www.samsclub.com/club/hatillo-pr-sams-club/6270,https://www.samsclub.com,+1 787-820-5300,17878205300,,PR-2 Km 84.2,Carrizales,659,Hatillo,Puerto Rico,PR,-66.7903496,18.486837,"https://www.google.com/maps/preview/place/Sam's+Club,+PR-2+Km+84.2,+Carrizales,+Hatillo+00659,+Puerto+Rico/@18.486837,-66.7903496,3784a,13.1y/data=!4m2!3m1!1s0x8c02e7ceb3173c65:0xc795419ecb389cf5",8/29/2021,2545,4.3,"{""1"":199.0,""2"":81.0,""3"":175.0,""4"":448.0,""5"":1642.0}",1015,https://lh5.googleusercontent.com/p/AF1QipOlBB5IaWbZh3mw8aVzmpwwj-QgcD7cBq8TnMlS,https://lh5.googleusercontent.com/p/AF1QipNhbWpXjkuUsq-2_ZeTCzTVPbHkGyNR9xAVepPI,"[""https:\/\/lh5.googleusercontent.com\/p\/AF1QipOlBB5IaWbZh3mw8aVzmpwwj-QgcD7cBq8TnMlS"",""https:\/\/lh5.googleusercontent.com\/p\/AF1QipNhbWpXjkuUsq-2_ZeTCzTVPbHkGyNR9xAVepPI""]"
,,0x8c02d590ffffffff:0x861a3cee10731377,Sam's Club,"Sam's Club, 2188 Av. Eduardo Ruberte, Ponce, 00716, Puerto Rico",No,"Visit your Ponce Sam's Club. Members enjoy exceptional warehouse club values on superior products and services, including groceries, pharmacy, optical, home furnishings, office supplies, TVs, and more.",Warehouse club,"Bakery,Electronics store,Produce wholesaler,Warehouse club,Wholesale grocer",https://www.samsclub.com/club/ponce-pr-sams-club/6690,https://www.samsclub.com,+1 787-848-9090,17878489090,,2188 Av. Eduardo Ruberte,Ponce,716,Ponce,Puerto Rico,PR,-66.6282179,17.9939574,"https://www.google.com/maps/preview/place/Sam's+Club,+2188+Av.+Eduardo+Ruberte,+Ponce,+00716,+Puerto+Rico/@17.9939574,-66.6282179,3795a,13.1y/data=!4m2!3m1!1s0x8c02d590ffffffff:0x861a3cee10731377",8/29/2021,2637,4.4,"{""1"":136.0,""2"":56.0,""3"":156.0,""4"":494.0,""5"":1795.0}",701,https://lh5.googleusercontent.com/p/AF1QipNl5pPZn-C3hBSZ85MbyGakGFTpoDeFg3vcmOcw,https://lh5.googleusercontent.com/p/AF1QipMg6bjgsk61C5drH0yC9jQS8ggBA0LeK067mXY,"[""https:\/\/lh5.googleusercontent.com\/p\/AF1QipNl5pPZn-C3hBSZ85MbyGakGFTpoDeFg3vcmOcw"",""https:\/\/lh5.googleusercontent.com\/p\/AF1QipMg6bjgsk61C5drH0yC9jQS8ggBA0LeK067mXY""]"
,,0x8c035b67f2a543dd:0xbe48828ba93c23f3,Sam's Club,"Sam's Club, Plaza Centro II Ave Rafael Cordero, Caguas, 00725, Puerto Rico",No,"Visit your Caguas Sam's Club. Members enjoy exceptional warehouse club values on superior products and services, including groceries, pharmacy, optical, home furnishings, office supplies, TVs, and more.",Warehouse club,"Bakery,Electronics store,Produce wholesaler,Warehouse club,Wholesale grocer",https://www.samsclub.com/club/caguas-pr-sams-club/6689,https://www.samsclub.com,+1 787-746-1001,17877461001,,Plaza Centro II Ave Rafael Cordero,Caguas,725,Caguas,Puerto Rico,PR,-66.0214198,18.2493155,"https://www.google.com/maps/preview/place/Sam's+Club,+Plaza+Centro+II+Ave+Rafael+Cordero,+Caguas,+00725,+Puerto+Rico/@18.2493155,-66.0214198,3789a,13.1y/data=!4m2!3m1!1s0x8c035b67f2a543dd:0xbe48828ba93c23f3",8/29/2021,2615,4.3,"{""1"":172.0,""2"":73.0,""3"":170.0,""4"":471.0,""5"":1729.0}",1224,https://lh5.googleusercontent.com/p/AF1QipMK5xWo-wPXPUFcQfWILsQJ05kEfrHKjcFB2KM6,https://lh5.googleusercontent.com/p/AF1QipMNjxDRY1L7sf1ehMzTww1U0sER_P7_J7OGcyLx,"[""https:\/\/lh5.googleusercontent.com\/p\/AF1QipMK5xWo-wPXPUFcQfWILsQJ05kEfrHKjcFB2KM6"",""https:\/\/lh5.googleusercontent.com\/p\/AF1QipMNjxDRY1L7sf1ehMzTww1U0sER_P7_J7OGcyLx""]"
"SUPERMERCADOS HATILLO, INC",https://rcp.estado.pr.gov/en/entity-information?c=154791-1011,0x8c02e87075baa4b9:0xf5fe8c7beca34722,Hatillo Kash N' Karry,"Hatillo Kash N' Karry, Marginal Calle Comercio, Hatillo, 00659, Puerto Rico",No,,Supermarket,Supermarket,http://www.hatillokashnkarry.com,http://www.hatillokashnkarry.com,+1 787-898-5840,17878985840,,Marginal Calle Comercio,Hatillo,659,Hatillo,Puerto Rico,PR,-66.818353,18.485629,"https://www.google.com/maps/preview/place/Hatillo+Kash+N'+Karry,+Marginal+Calle+Comercio,+Hatillo,+00659,+Puerto+Rico/@18.485629,-66.818353,3784a,13.1y/data=!4m2!3m1!1s0x8c02e87075baa4b9:0xf5fe8c7beca34722",8/30/2021,1553,4.5,"{""1"":37.0,""2"":26.0,""3"":95.0,""4"":349.0,""5"":1046.0}",141,https://lh5.googleusercontent.com/p/AF1QipPNulWDjoUg0l4ZqUg5NKscw1iYKmgyK7hnZwiV,https://lh5.googleusercontent.com/p/AF1QipNhELPiI7iPvdpGJqRRUh1U1O3s4epo35au0Y2T,"[""https:\/\/lh5.googleusercontent.com\/p\/AF1QipPNulWDjoUg0l4ZqUg5NKscw1iYKmgyK7hnZwiV"",""https:\/\/lh5.googleusercontent.com\/p\/AF1QipNhELPiI7iPvdpGJqRRUh1U1O3s4epo35au0Y2T""]"
,,0x8c02e849354d9881:0xe634bfd965781021,Hatillo Kash N' Karry,"Hatillo Kash N' Karry, 162 Ave Luis Munoz Rivera, Camuy, 00627, Puerto Rico",No,,Grocery store,Grocery store,https://hatillokashnkarry.com,https://hatillokashnkarry.com,+1 787-544-1086,17875441086,,162 Ave Luis Munoz Rivera,Camuy,627,Camuy,Puerto Rico,PR,-66.8483939,18.4839422,"https://www.google.com/maps/preview/place/Hatillo+Kash+N'+Karry,+162+Ave+Luis+Munoz+Rivera,+Camuy,+00627,+Puerto+Rico/@18.4839422,-66.8483939,3784a,13.1y/data=!4m2!3m1!1s0x8c02e849354d9881:0xe634bfd965781021",8/30/2021,657,4.5,"{""1"":22.0,""2"":14.0,""3"":45.0,""4"":134.0,""5"":442.0}",52,https://lh5.googleusercontent.com/p/AF1QipPjLyVswHDoHiMms1w4H3X31dbiPwXZ-dyRfL53,https://lh5.googleusercontent.com/p/AF1QipPVVY3-URZMJDn4crkrC5NddQP7AQIjJtFJ-MRF,"[""https:\/\/lh5.googleusercontent.com\/p\/AF1QipPjLyVswHDoHiMms1w4H3X31dbiPwXZ-dyRfL53"",""https:\/\/lh5.googleusercontent.com\/p\/AF1QipPVVY3-URZMJDn4crkrC5NddQP7AQIjJtFJ-MRF""]"
,,0x8c036f255975e623:0x21d83f4f67f1fcb1,Rare 125,"Rare 125, Edificio Centro De Seguros, 701 PR-25 Suite 109, San Juan, 00907, Puerto Rico",No,,Steak house,"Bar,Cocktail bar,Family restaurant,Grill,Lunch restaurant,Meat dish restaurant,Restaurant,Seafood restaurant,Steak house",https://www.rare125pr.com,https://www.rare125pr.com,+1 787-946-4996,17879464996,Santurce,"Edificio Centro De Seguros, 701 PR-25 Suite 109",San Juan,907,San Juan,Puerto Rico,PR,-66.0830538,18.4562433,"https://www.google.com/maps/preview/place/Rare+125,+Edificio+Centro+De+Seguros,+701+PR-25+Suite+109,+San+Juan,+00907,+Puerto+Rico/@18.4562433,-66.0830538,3785a,13.1y/data=!4m2!3m1!1s0x8c036f255975e623:0x21d83f4f67f1fcb1",8/30/2021,743,4.5,"{""1"":31.0,""2"":16.0,""3"":40.0,""4"":104.0,""5"":552.0}",2681,https://lh5.googleusercontent.com/p/AF1QipNJd56juy-UFiwNbfj3T5M2sT8S1-zcy_RQlu-X,https://lh5.googleusercontent.com/p/AF1QipOEp_6__kIpX_ATxqjBNNO9-bXIYr67UuPdhuO-,"[""https:\/\/lh5.googleusercontent.com\/p\/AF1QipNJd56juy-UFiwNbfj3T5M2sT8S1-zcy_RQlu-X"",""https:\/\/lh5.googleusercontent.com\/p\/AF1QipOEp_6__kIpX_ATxqjBNNO9-bXIYr67UuPdhuO-""]"
CASITA MIRAMAR INC.,https://rcp.estado.pr.gov/en/entity-information?c=195508-111,0x8c036f2f777d09ff:0xe7ee6488788e0f78,Casita Miramar,"Casita Miramar, 605 Av. Miramar, San Juan, 00907, Puerto Rico",No,"CASITA MIRAMAR, Authentic Puerto Rican food in an elegant and family style environment. Experience a taste of the Caribbean in a traditional Miramar 'casona' where every space is unique.",Puerto Rican restaurant,Puerto Rican restaurant,https://www.casita-miramar.com,https://www.casita-miramar.com,+1 787-631-8265,17876318265,Santurce,605 Av. Miramar,San Juan,907,San Juan,Puerto Rico,PR,-66.0851077,18.4558229,"https://www.google.com/maps/preview/place/Casita+Miramar,+605+Av.+Miramar,+San+Juan,+00907,+Puerto+Rico/@18.4558229,-66.0851077,3785a,13.1y/data=!4m2!3m1!1s0x8c036f2f777d09ff:0xe7ee6488788e0f78",8/30/2021,3032,4.5,"{""1"":140.0,""2"":77.0,""3"":144.0,""4"":361.0,""5"":2310.0}",4161,https://lh5.googleusercontent.com/p/AF1QipPmtJvF8WoVwmDoC6x74YPNezNBSoT4MzJkmzTt,https://lh5.googleusercontent.com/p/AF1QipME8WeJREeqtSADZ58Qyo8e40YxR4NgxWZ0LaXc,"[""https:\/\/lh5.googleusercontent.com\/p\/AF1QipPmtJvF8WoVwmDoC6x74YPNezNBSoT4MzJkmzTt"",""https:\/\/lh5.googleusercontent.com\/p\/AF1QipME8WeJREeqtSADZ58Qyo8e40YxR4NgxWZ0LaXc""]"
TOTALENERGIES MARKETING PUERTO RICO CORP.,https://rcp.estado.pr.gov/en/entity-information?c=80482-111,0x8c0367cc32b3d87f:0x69cdc2a4f203f00f,TotalEnergies Park Gardens,"TotalEnergies Park Gardens, EXPRESO TRUJILLO ALTO & AVE. PARK GARDENS RIO PIEDRAS, 00926, Puerto Rico",No,,Gas station,Gas station,https://totalenergies.com.pr,https://totalenergies.com.pr,+1 787-963-1242,17879631242,"Sabana Llana Sur, San Juan, Puerto Rico",EXPRESO TRUJILLO ALTO & AVE. PARK GARDENS RIO PIEDRAS,San Juan,926,San Juan,Puerto Rico,PR,-66.0314465,18.3891038,"https://www.google.com/maps/preview/place/TotalEnergies+Park+Gardens,+EXPRESO+TRUJILLO+ALTO+%26+AVE.+PARK+GARDENS+RIO+PIEDRAS,+00926,+Puerto+Rico/@18.3891038,-66.0314465,3786a,13.1y/data=!4m2!3m1!1s0x8c0367cc32b3d87f:0x69cdc2a4f203f00f",8/30/2021,194,4.2,"{""1"":3.0,""2"":2.0,""3"":33.0,""4"":62.0,""5"":94.0}",7,https://lh5.googleusercontent.com/p/AF1QipM5i9-uXQaGdtM85G-ULxRM0P0uLi_zTbXehS8C,https://lh5.googleusercontent.com/p/AF1QipPoeSW0tsHoyDfpMA7LF4VtO64SoO77TciHnY7s,"[""https:\/\/lh5.googleusercontent.com\/p\/AF1QipM5i9-uXQaGdtM85G-ULxRM0P0uLi_zTbXehS8C"",""https:\/\/lh5.googleusercontent.com\/p\/AF1QipPoeSW0tsHoyDfpMA7LF4VtO64SoO77TciHnY7s""]"
,,0x8c036712d049aa4f:0xfc072d83a577dc48,Wendy's,"Wendy's, Calle Saragoza y Chapultepek Park Gardens Food Center, Trujillo Alto, 00976, Puerto Rico",No,,Fast food restaurant,Fast food restaurant,,,+1 787-792-2001 ext. 7012,17877922001,,Calle Saragoza y Chapultepek Park Gardens Food Center,Trujillo Alto,976,Trujillo Alto,Puerto Rico,PR,-66.0184793,18.3656771,https://www.google.com/maps/place/Wendy's/data=!4m2!3m1!1s0x8c036712d049aa4f:0xfc072d83a577dc48!10m1!1e1,8/30/2021,1,4,"{""1"":0.0,""2"":0.0,""3"":0.0,""4"":1.0,""5"":0.0}",,https://streetviewpixels-pa.googleapis.com/v1/thumbnail?panoid=WzBZUw8P_4RnAvv9FoFe4A&cb_client=search.gws-prod.gps&w=408&h=240&yaw=69.631294&pitch=0&thumbfov=100,,"[""https:\/\/streetviewpixels-pa.googleapis.com\/v1\/thumbnail?panoid=WzBZUw8P_4RnAvv9FoFe4A&cb_client=search.gws-prod.gps&w=408&h=240&yaw=69.631294&pitch=0&thumbfov=100""]"
"SUPERMERCADOS SELECTOS, INCORPORADO",https://rcp.estado.pr.gov/en/entity-information?c=188803-111,0x8c0367e7bc316b0b:0x82296537054a251a,Supermercado Selectos,"9XC7+F74 Supermercado Selectos, San Juan, 00926, Puerto Rico",No,,Supermarket,Supermarket,https://selectospr.com/main,https://selectospr.com,+1 787-755-8305,17877558305,"Sabana Llana Sur, San Juan, Puerto Rico",9XC7+F74,San Juan,926,San Juan,Puerto Rico,PR,-66.0367946,18.3711405,"https://www.google.com/maps/preview/place/9XC7%2BF74+Supermercado+Selectos,+San+Juan,+00926,+Puerto+Rico/@18.3711405,-66.0367946,3786a,13.1y/data=!4m2!3m1!1s0x8c0367e7bc316b0b:0x82296537054a251a",8/30/2021,1015,4.4,"{""1"":26.0,""2"":28.0,""3"":104.0,""4"":239.0,""5"":618.0}",77,https://lh5.googleusercontent.com/p/AF1QipOz5JbeBRW_mhN8Qq407fiwkhUkq8HStRvWTbZw,https://lh5.googleusercontent.com/p/AF1QipMkdr56M-q80pjjxfIjBdaUXGkUo5tQ59tod91c,"[""https:\/\/lh5.googleusercontent.com\/p\/AF1QipOz5JbeBRW_mhN8Qq407fiwkhUkq8HStRvWTbZw"",""https:\/\/lh5.googleusercontent.com\/p\/AF1QipMkdr56M-q80pjjxfIjBdaUXGkUo5tQ59tod91c""]"
,,0x8c0367de770bcea3:0x8eeb95351f161f31,El Punto Restaurant,"9XC7+88C El Punto Restaurant, Avenida Acuario, San Juan, 00926, Puerto Rico",No,,Puerto Rican restaurant,Puerto Rican restaurant,https://m.facebook.com/elpuntorestaurant,https://m.facebook.com,+1 787-755-9977,17877559977,"Sabana Llana Sur, San Juan, Puerto Rico","9XC7+88C, Avenida Acuario",San Juan,926,San Juan,Puerto Rico,PR,-66.0367234,18.3708062,"https://www.google.com/maps/preview/place/9XC7%2B88C+El+Punto+Restaurant,+Avenida+Acuario,+San+Juan,+00926,+Puerto+Rico/@18.3708062,-66.0367234,3786a,13.1y/data=!4m2!3m1!1s0x8c0367de770bcea3:0x8eeb95351f161f31",8/30/2021,1202,4.4,"{""1"":36.0,""2"":36.0,""3"":76.0,""4"":272.0,""5"":782.0}",321,https://lh5.googleusercontent.com/p/AF1QipOldP2xTChftD14duj4pa4kb7KSiOd4GBPVTHeY,https://lh5.googleusercontent.com/p/AF1QipPWwdYf4O9YmhSjcF0RxJivh_-MKl-WgWTkM7W7,"[""https:\/\/lh5.googleusercontent.com\/p\/AF1QipOldP2xTChftD14duj4pa4kb7KSiOd4GBPVTHeY"",""https:\/\/lh5.googleusercontent.com\/p\/AF1QipPWwdYf4O9YmhSjcF0RxJivh_-MKl-WgWTkM7W7""]"
,,0x8c0365d97da1da0b:0x4efc755f70d68a13,SuperMax,"SuperMax, Plazoleta Isla Verde, Site 1,Corner of Isla Verde & Los Gobernadores Avenues,San Juan,00979, Ave Laguna, Carolina, 00979, Puerto Rico",No,,Supermarket,Supermarket,https://www.supermaxonline.com,https://www.supermaxonline.com,+1 787-253-1307,17872531307,Cangrejo Arriba,"Plazoleta Isla Verde, Site 1,Corner of Isla Verde & Los Gobernadores Avenues,San Juan,00979, Ave Laguna",Carolina,979,Carolina,Puerto Rico,PR,-66.0159867,18.4312339,"https://www.google.com/maps/preview/place/SuperMax,+Plazoleta+Isla+Verde,+Site+1,Corner+of+Isla+Verde+%26+Los+Gobernadores+Avenues,San+Juan,00979,+Ave+Laguna,+Carolina,+00979,+Puerto+Rico/@18.4312339,-66.0159867,3785a,13.1y/data=!4m2!3m1!1s0x8c0365d97da1d",8/30/2021,820,4.2,"{""1"":46.0,""2"":29.0,""3"":100.0,""4"":192.0,""5"":453.0}",55,https://lh5.googleusercontent.com/p/AF1QipNqG08lHZM4M7rjaX9yzFvmSUFuJtFwa2EQ2yPM,https://lh5.googleusercontent.com/p/AF1QipO-HBNqLi0W6IOps5XwbOaj7I1TKmPuEY-uoxVa,"[""https:\/\/lh5.googleusercontent.com\/p\/AF1QipNqG08lHZM4M7rjaX9yzFvmSUFuJtFwa2EQ2yPM"",""https:\/\/lh5.googleusercontent.com\/p\/AF1QipO-HBNqLi0W6IOps5XwbOaj7I1TKmPuEY-uoxVa""]"
,,0x8c0367cc4c7f6061:0x112a5810537f08c,Pizza Hut,"Pizza Hut, Ave Pk Gdns Km 0.9, Trujillo Alto, San Juan 00976, Puerto Rico",No,Casual pizza chain with wide selection,Pizza restaurant,Pizza restaurant,http://www.pizzahutpr.com,http://www.pizzahutpr.com,+1 787-283-7474,17872837474,"Sabana Llana Sur, San Juan, Puerto Rico",Ave Pk Gdns Km 0.9,Trujillo Alto,976,San Juan,Puerto Rico,PR,-66.0312743,18.3899965,"https://www.google.com/maps/preview/place/Pizza+Hut,+Ave+Pk+Gdns+Km+0.9,+Trujillo+Alto,+San+Juan+00976,+Puerto+Rico/@18.3899965,-66.0312743,3786a,13.1y/data=!4m2!3m1!1s0x8c0367cc4c7f6061:0x112a5810537f08c",8/30/2021,655,4.2,"{""1"":33.0,""2"":26.0,""3"":79.0,""4"":137.0,""5"":380.0}",123,https://lh5.googleusercontent.com/p/AF1QipOuxiW_xujGO8qg9h9GIeki6gTinKMkPrWWP0d7,https://lh5.googleusercontent.com/p/AF1QipMBACRCG_1FnzFR4asr64Rqzf5qo-n6prRVr0vF,"[""https:\/\/lh5.googleusercontent.com\/p\/AF1QipOuxiW_xujGO8qg9h9GIeki6gTinKMkPrWWP0d7"",""https:\/\/lh5.googleusercontent.com\/p\/AF1QipMBACRCG_1FnzFR4asr64Rqzf5qo-n6prRVr0vF""]"
,,0x8c036f25f6615153:0x392a9c1b194f178e,Olive Garden Italian Restaurant,"Olive Garden Italian Restaurant, 600 Av. Manuel Fernández Juncos, San Juan, 00907, Puerto Rico",No,"La mejor comida italiana preparada fresca para que disfrutes en un ambiente familiar y seguro. Saborea clásicos platos italianos o prepara tu propia pasta, siempre con breadsticks y sopa o ensalada ilimitada en el restaurante.",Italian restaurant,"Italian restaurant,Restaurant",https://www.grupocolongerena.com/olive-garden,https://www.grupocolongerena.com,+1 787-775-3779,17877753779,Santurce,600 Av. Manuel Fernández Juncos,San Juan,907,San Juan,Puerto Rico,PR,-66.086954,18.4567509,"https://www.google.com/maps/preview/place/Olive+Garden+Italian+Restaurant,+600+Av.+Manuel+Fern%C3%A1ndez+Juncos,+San+Juan,+00907,+Puerto+Rico/@18.4567509,-66.086954,3785a,13.1y/data=!4m2!3m1!1s0x8c036f25f6615153:0x392a9c1b194f178e",8/30/2021,3382,4.3,"{""1"":178.0,""2"":136.0,""3"":291.0,""4"":674.0,""5"":2103.0}",951,https://lh5.googleusercontent.com/p/AF1QipP6JPDIr47D97h4_TbzOW1d4bSKq7NW7pP4_26M,https://lh5.googleusercontent.com/p/AF1QipOZB6VmFyFqQj4UpPKYI4IB7v7ecD-KYwl2OExq,"[""https:\/\/lh5.googleusercontent.com\/p\/AF1QipP6JPDIr47D97h4_TbzOW1d4bSKq7NW7pP4_26M"",""https:\/\/lh5.googleusercontent.com\/p\/AF1QipOZB6VmFyFqQj4UpPKYI4IB7v7ecD-KYwl2OExq""]"
,,0x8c036906739b1467:0x3a95bb8addec8dae,Olive Garden Italian Restaurant,"Olive Garden Italian Restaurant, González Giusti Ave, Guaynabo, 00968, Puerto Rico",No,"La mejor comida italiana preparada fresca para que disfrutes en un ambiente familiar y seguro. Saborea clásicos platos italianos o prepara tu propia pasta, siempre con breadsticks y sopa o ensalada ilimitada en el restaurante.",Italian restaurant,"Italian restaurant,Restaurant",https://www.grupocolongerena.com/olive-garden,https://www.grupocolongerena.com,+1 787-705-5800,17877055800,"Pueblo Viejo, Guaynabo, Puerto Rico",González Giusti Ave,Guaynabo,968,Guaynabo,Puerto Rico,PR,-66.1043742,18.4084648,"https://www.google.com/maps/preview/place/Olive+Garden+Italian+Restaurant,+Gonz%C3%A1lez+Giusti+Ave,+Guaynabo,+00968,+Puerto+Rico/@18.4084648,-66.1043742,3786a,13.1y/data=!4m2!3m1!1s0x8c036906739b1467:0x3a95bb8addec8dae",8/30/2021,2545,4.3,"{""1"":117.0,""2"":94.0,""3"":252.0,""4"":561.0,""5"":1521.0}",722,https://lh5.googleusercontent.com/p/AF1QipMfCe0WJSdUNXAIMtlVkqxEF4XSNT-saUesKEtE,https://lh5.googleusercontent.com/p/AF1QipN-g0q_f-5RsTJE0ZmFCbvqkAF6oBQPls5hfsYW,"[""https:\/\/lh5.googleusercontent.com\/p\/AF1QipMfCe0WJSdUNXAIMtlVkqxEF4XSNT-saUesKEtE"",""https:\/\/lh5.googleusercontent.com\/p\/AF1QipN-g0q_f-5RsTJE0ZmFCbvqkAF6oBQPls5hfsYW""]"
SUPERMERCADOS ECONO INC.,https://rcp.estado.pr.gov/en/entity-information?c=26039-111,0x8c0367a8079914db:0xdf912ea88fedbc3e,Supermercado Econo Bo. Saint Just,"Supermercado Econo Bo. Saint Just, CARR 848 KM.2, 2, Trujillo Alto, 00976, Puerto Rico",No,,Supermarket,Supermarket,http://www.superecono.com,http://www.superecono.com,+1 787-752-4049,17877524049,,"CARR 848 KM.2, 2",Trujillo Alto,976,Trujillo Alto,Puerto Rico,PR,-65.9992476,18.3784601,"https://www.google.com/maps/preview/place/Supermercado+Econo+Bo.+Saint+Just,+CARR+848+KM.2,+2,+Trujillo+Alto,+00976,+Puerto+Rico/@18.3784601,-65.9992476,3786a,13.1y/data=!4m2!3m1!1s0x8c0367a8079914db:0xdf912ea88fedbc3e",8/30/2021,978,4.3,"{""1"":27.0,""2"":30.0,""3"":119.0,""4"":207.0,""5"":595.0}",50,https://lh3.googleusercontent.com/gps-cs/AOY9FTrRGz9po06wpbsom78p3zA6AeSMRaFxjGld4vdv_d8frDpi-qoeEDRBg3tYSltjwYlZ4u70quF_R0jLJlGcdeWVxLujCZWc6bOscIdBk5fYM9pXlpqaAdVwSqdNv5mR_thcJJ8,https://lh3.googleusercontent.com/gps-cs/AOY9FTpwMqq0LVE8cqruilp6pQJs6e_TZkIuCwAlckHrAcbzPc2R7iKAo9dl5gE-puM_pAgbVz8v3pZUAesINVbXZgk2GHNKoScUl71vv_Q6-eDv2ouKQ_dMFCocwZxYxEPWmkHRUDk,"[""https:\/\/lh3.googleusercontent.com\/gps-cs\/AOY9FTrRGz9po06wpbsom78p3zA6AeSMRaFxjGld4vdv_d8frDpi-qoeEDRBg3tYSltjwYlZ4u70quF_R0jLJlGcdeWVxLujCZWc6bOscIdBk5fYM9pXlpqaAdVwSqdNv5mR_thcJJ8"",""https:\/\/lh3.googleusercontent.com\/gps-cs\/AOY9FTpwMqq0LVE8cqruilp6pQJs6e_TZkIuCwAlckHrAcbzPc2R7iKAo9dl5gE-puM_pAgbVz8v3pZUAesINVbXZgk2GHNKoScUl71vv_Q6-eDv2ouKQ_dMFCocwZxYxEPWmkHRUDk""]"
,,0x8c0367a7d0d3147f:0x40d5e35050ec6bd5,Barcelona Bakery & Deli,"Barcelona Bakery & Deli, Carr. 848 km 2.0 Saint Just, Trujillo Alto, 00976, Puerto Rico",No,,Deli,"Cafe,Deli",http://panaderiabarcelona.com,http://panaderiabarcelona.com,+1 787-748-4527,17877484527,,Carr. 848 km 2.0 Saint Just,Trujillo Alto,976,Trujillo Alto,Puerto Rico,PR,-66.001068,18.37846,"https://www.google.com/maps/preview/place/Barcelona+Bakery+%26+Deli,+Carr.+848+km+2.0+Saint+Just,+Trujillo+Alto,+00976,+Puerto+Rico/@18.37846,-66.001068,3786a,13.1y/data=!4m2!3m1!1s0x8c0367a7d0d3147f:0x40d5e35050ec6bd5",8/30/2021,330,4.4,"{""1"":12.0,""2"":10.0,""3"":22.0,""4"":75.0,""5"":211.0}",46,https://lh5.googleusercontent.com/p/AF1QipM3hB51SFTpEzOaS4w3QIsYYu24sYlP-lYpqmZI,https://lh5.googleusercontent.com/p/AF1QipO9hZFhG4Bystu35lKR9vtaUUIzaMA0MrCOReco,"[""https:\/\/lh5.googleusercontent.com\/p\/AF1QipM3hB51SFTpEzOaS4w3QIsYYu24sYlP-lYpqmZI"",""https:\/\/lh5.googleusercontent.com\/p\/AF1QipO9hZFhG4Bystu35lKR9vtaUUIzaMA0MrCOReco""]"
BACARDI CORPORATION,https://rcp.estado.pr.gov/en/entity-information?c=557-112,0x8c036eaa2649133f:0x5a10836b41a141e0,Casa BACARDÍ,"Casa BACARDÍ, 200 PR-165, Cataño, 00962, Puerto Rico",No,"Casa BACARDÍ Puerto Rico offers an unforgettable experience where visitors can explore the history of BACARDÍ, enjoy interactive rum tastings, and learn how to make classic cocktails. Our iconic venue provides a unique setting for private events and exclusive tours.",Tourist attraction,"Alcohol manufacturer,Bar,Distillery,Tour operator,Tourist attraction",https://www.casabacardi.com,https://www.casabacardi.com,,,"Palmas, Cataño, Puerto Rico",200 PR-165,Cataño,962,Cataño,Puerto Rico,PR,-66.1392645,18.4582111,"https://www.google.com/maps/preview/place/Casa+BACARD%C3%8D,+200+PR-165,+Cata%C3%B1o,+00962,+Puerto+Rico/@18.4582111,-66.1392645,3785a,13.1y/data=!4m2!3m1!1s0x8c036eaa2649133f:0x5a10836b41a141e0",8/30/2021,2474,4.6,"{""1"":121.0,""2"":53.0,""3"":92.0,""4"":280.0,""5"":1928.0}",9814,https://lh5.googleusercontent.com/p/AF1QipO7Rkhk2RNSwZRqQnx9seQ_qPZUNJY9l56ZIju-,https://lh5.googleusercontent.com/p/AF1QipNlfO8nV_K8HcjlwouZ0PrJqnR3DlHnmXt3nCKC,"[""https:\/\/lh5.googleusercontent.com\/p\/AF1QipO7Rkhk2RNSwZRqQnx9seQ_qPZUNJY9l56ZIju-"",""https:\/\/lh5.googleusercontent.com\/p\/AF1QipNlfO8nV_K8HcjlwouZ0PrJqnR3DlHnmXt3nCKC""]"
,,0x8c034949e7c3985d:0x99dd0d01019552c4,Delicioso China,"4VC2+2FX Delicioso China, Cayey, 00736, Puerto Rico",No,,Chinese restaurant,Chinese restaurant,,,+1 787-263-2325,17872632325,,4VC2+2FX,Cayey,736,Cayey,Puerto Rico,PR,-66.1487718,18.120104,"https://www.google.com/maps/preview/place/4VC2%2B2FX+Delicioso+China,+Cayey,+00736,+Puerto+Rico/@18.120104,-66.1487718,3792a,13.1y/data=!4m2!3m1!1s0x8c034949e7c3985d:0x99dd0d01019552c4",8/30/2021,437,4.4,"{""1"":22.0,""2"":7.0,""3"":22.0,""4"":89.0,""5"":297.0}",33,https://lh5.googleusercontent.com/p/AF1QipN3ylJbWyav53gnir5uBBDmPzVeKCWNn-m5bLBW,https://lh5.googleusercontent.com/p/AF1QipPn5ZHwd2j_SeiatBqv_JC7AkIrYG4x_N1gi4Hq,"[""https:\/\/lh5.googleusercontent.com\/p\/AF1QipN3ylJbWyav53gnir5uBBDmPzVeKCWNn-m5bLBW"",""https:\/\/lh5.googleusercontent.com\/p\/AF1QipPn5ZHwd2j_SeiatBqv_JC7AkIrYG4x_N1gi4Hq""]"
,,0x8c02a5e7e7881649:0x101f74b30f8c76f4,Waves Seafood Restaurant Aguada,"Waves Seafood Restaurant Aguada, Carr 441, bo km 1, Aguada, 00602, Puerto Rico",No,Especialidad en pescados y mariscos frescos del pais contamos con la mas alta calidad en carnes y nuestras esquisitas picaderas y nuestra barra frente al mar,Seafood restaurant,"Caribbean restaurant,Creole restaurant,Puerto Rican restaurant,Seafood restaurant,Steak house",http://facebook.com/WavesSeafoodAguada,http://facebook.com,+1 787-291-7133,17872917133,,"Carr 441, bo km 1",Aguada,602,Aguada,Puerto Rico,PR,-67.2015184,18.3898211,"https://www.google.com/maps/preview/place/Waves+Seafood+Restaurant+Aguada,+Carr+441,+bo+km+1,+Aguada,+00602,+Puerto+Rico/@18.3898211,-67.2015184,3786a,13.1y/data=!4m2!3m1!1s0x8c02a5e7e7881649:0x101f74b30f8c76f4",8/30/2021,956,4.3,"{""1"":57.0,""2"":42.0,""3"":55.0,""4"":186.0,""5"":616.0}",831,https://lh5.googleusercontent.com/p/AF1QipMbeDeKnD7PPKEHWFzFhjODfWA7yqMZuYBkTgDM,https://lh5.googleusercontent.com/p/AF1QipNrubytiv1YIjFghzuY3QLtEDj9F3eYj_ofD0lq,"[""https:\/\/lh5.googleusercontent.com\/p\/AF1QipMbeDeKnD7PPKEHWFzFhjODfWA7yqMZuYBkTgDM"",""https:\/\/lh5.googleusercontent.com\/p\/AF1QipNrubytiv1YIjFghzuY3QLtEDj9F3eYj_ofD0lq""]"
,,0x8c0368bc53192327:0x4edd6c36d9b6f65e,Airbuns Burgers,"Airbuns Burgers, 133 C. O'Neill, San Juan, 00918, Puerto Rico",No,,Hamburger restaurant,Hamburger restaurant,https://m.facebook.com/AIRBUNS-BURGERS-920503768062275,https://m.facebook.com,+1 939-633-6250,19396336250,Hato Rey Norte,133 C. O'Neill,San Juan,918,San Juan,Puerto Rico,PR,-66.0604152,18.4233207,"https://www.google.com/maps/preview/place/Airbuns+Burgers,+133+C.+O'Neill,+San+Juan,+00918,+Puerto+Rico/@18.4233207,-66.0604152,3785a,13.1y/data=!4m2!3m1!1s0x8c0368bc53192327:0x4edd6c36d9b6f65e",8/30/2021,367,4.6,"{""1"":6.0,""2"":7.0,""3"":20.0,""4"":79.0,""5"":255.0}",374,https://lh5.googleusercontent.com/p/AF1QipPbyB87X-62dUvRVqTE5L7fCzHXwIbaZIpG7KgV,https://lh5.googleusercontent.com/p/AF1QipOchehPOA7eOeN8w3V6df3p6hWZWuIEqLI5sHgH,"[""https:\/\/lh5.googleusercontent.com\/p\/AF1QipPbyB87X-62dUvRVqTE5L7fCzHXwIbaZIpG7KgV"",""https:\/\/lh5.googleusercontent.com\/p\/AF1QipOchehPOA7eOeN8w3V6df3p6hWZWuIEqLI5sHgH""]"
,,0x8c036a3223f55def:0x6a5585d0a50950ac,Olive Garden Italian Restaurant,"Olive Garden Italian Restaurant, West Main Ave, Bayamón, 00961, Puerto Rico",No,"La mejor comida italiana preparada fresca para que disfrutes en un ambiente familiar y seguro. Saborea clásicos platos italianos o prepara tu propia pasta, siempre con breadsticks y sopa o ensalada ilimitada en el restaurante.",Italian restaurant,"Italian restaurant,Restaurant",https://www.grupocolongerena.com/olive-garden,https://www.grupocolongerena.com,+1 787-395-7044,17873957044,"Juan Sánchez, Bayamón, Puerto Rico",West Main Ave,Bayamón,961,Bayamón,Puerto Rico,PR,-66.1554162,18.4051567,"https://www.google.com/maps/preview/place/Olive+Garden+Italian+Restaurant,+West+Main+Ave,+Bayam%C3%B3n,+00961,+Puerto+Rico/@18.4051567,-66.1554162,3786a,13.1y/data=!4m2!3m1!1s0x8c036a3223f55def:0x6a5585d0a50950ac",8/30/2021,4343,4.3,"{""1"":189.0,""2"":143.0,""3"":394.0,""4"":855.0,""5"":2762.0}",1544,https://lh5.googleusercontent.com/p/AF1QipOnCW9n6wqHbXd20dQQ2Rp5__s4W1G-Xgn1ud7g,https://lh5.googleusercontent.com/p/AF1QipNk9lXppVQwkffXWC1_ysKAE0KTqKxHgkwe6doX,"[""https:\/\/lh5.googleusercontent.com\/p\/AF1QipOnCW9n6wqHbXd20dQQ2Rp5__s4W1G-Xgn1ud7g"",""https:\/\/lh5.googleusercontent.com\/p\/AF1QipNk9lXppVQwkffXWC1_ysKAE0KTqKxHgkwe6doX""]"
,,0x8c0367263c6a4ef9:0xba4fa8ae9ab593c8,Fritura Tropical,"9XC6+7VJ Fritura Tropical, Avenida Acuario esquina, C. Lesbos, San Juan, 00926, Puerto Rico",No,,Puerto Rican restaurant,Puerto Rican restaurant,,,,,"Sabana Llana Sur, San Juan, Puerto Rico","9XC6+7VJ, Avenida Acuario esquina, C. Lesbos",San Juan,926,San Juan,Puerto Rico,PR,-66.0378558,18.3707028,"https://www.google.com/maps/preview/place/9XC6%2B7VJ+Fritura+Tropical,+Avenida+Acuario+esquina,+C.+Lesbos,+San+Juan,+00926,+Puerto+Rico/@18.3707028,-66.0378558,3786a,13.1y/data=!4m2!3m1!1s0x8c0367263c6a4ef9:0xba4fa8ae9ab593c8",8/30/2021,12,4.2,"{""1"":1.0,""2"":0.0,""3"":1.0,""4"":4.0,""5"":6.0}",,https://streetviewpixels-pa.googleapis.com/v1/thumbnail?panoid=jIN00704dN-NtIljeQGUxw&cb_client=search.gws-prod.gps&w=408&h=240&yaw=247.01404&pitch=0&thumbfov=100,,"[""https:\/\/streetviewpixels-pa.googleapis.com\/v1\/thumbnail?panoid=jIN00704dN-NtIljeQGUxw&cb_client=search.gws-prod.gps&w=408&h=240&yaw=247.01404&pitch=0&thumbfov=100""]"
,,0x8c0367e79be18e45:0xe8287f37dcaa5953,Panadería El Punto,"9XC7+F6W Panadería El Punto, Avenida Acuario, San Juan, 00926, Puerto Rico",No,,Bakery,Bakery,https://www.facebook.com/panaderiaelpuntovenusgardens,https://www.facebook.com,+1 787-283-3377,17872833377,"Sabana Llana Sur, San Juan, Puerto Rico","9XC7+F6W, Avenida Acuario",San Juan,926,San Juan,Puerto Rico,PR,-66.0369243,18.3712299,"https://www.google.com/maps/preview/place/9XC7%2BF6W+Panader%C3%ADa+El+Punto,+Avenida+Acuario,+San+Juan,+00926,+Puerto+Rico/@18.3712299,-66.0369243,3786a,13.1y/data=!4m2!3m1!1s0x8c0367e79be18e45:0xe8287f37dcaa5953",8/30/2021,1013,4.5,"{""1"":28.0,""2"":22.0,""3"":43.0,""4"":219.0,""5"":701.0}",227,https://lh5.googleusercontent.com/p/AF1QipM0R4gP8WlLAvubg2pAjZnErDCfidx1Bo0xu6oJ,https://lh5.googleusercontent.com/p/AF1QipP5PJFeoggIdWXFp9hxsUSy_8NCVtt4iO5-Ein8,"[""https:\/\/lh5.googleusercontent.com\/p\/AF1QipM0R4gP8WlLAvubg2pAjZnErDCfidx1Bo0xu6oJ"",""https:\/\/lh5.googleusercontent.com\/p\/AF1QipP5PJFeoggIdWXFp9hxsUSy_8NCVtt4iO5-Ein8""]"
,,0x8c0367eeef47a8fd:0x1dbbd9d159073021,Pizza Hut Express,"Pizza Hut Express, Trujillo Alto Plaza, Carr 181 KM 1.7, Trujillo Alto, 00976, Puerto Rico",No,Casual pizza chain with wide selection,Pizza restaurant,Pizza restaurant,,,+1 787-760-0105,17877600105,,"Trujillo Alto Plaza, Carr 181 KM 1.7",Trujillo Alto,976,Trujillo Alto,Puerto Rico,PR,-66.0163897,18.3705688,"https://www.google.com/maps/preview/place/Pizza+Hut+Express,+Trujillo+Alto+Plaza,+Carr+181+KM+1.7,+Trujillo+Alto,+00976,+Puerto+Rico/@18.3705688,-66.0163897,3786a,13.1y/data=!4m2!3m1!1s0x8c0367eeef47a8fd:0x1dbbd9d159073021",8/30/2021,8,2.8,"{""1"":3.0,""2"":1.0,""3"":1.0,""4"":1.0,""5"":2.0}",,https://streetviewpixels-pa.googleapis.com/v1/thumbnail?panoid=zC-7NRJ4GEvZVWOJq6yzpg&cb_client=search.gws-prod.gps&w=408&h=240&yaw=211.99649&pitch=0&thumbfov=100,,"[""https:\/\/streetviewpixels-pa.googleapis.com\/v1\/thumbnail?panoid=zC-7NRJ4GEvZVWOJq6yzpg&cb_client=search.gws-prod.gps&w=408&h=240&yaw=211.99649&pitch=0&thumbfov=100""]"
OCEAN LAB BREWING CO. LLC,https://rcp.estado.pr.gov/en/entity-information?c=455416-1511,0x8c0365cd24844991:0xf2090e97e2fc8446,Ocean Lab Brewing Co.,"Ocean Lab Brewing Co., 7000 Carr. 187 RR2, Carolina, 00979, Puerto Rico",No,Ocean Lab Brewing Co. was born on the beach and our brews fully embrace this. We strive to find the perfect combination on every single beer we make.,Brewery,"Beer distributor,Beer garden,Brewery,Event venue,Live music venue,Restaurant",https://oceanlabbrewery.com,https://oceanlabbrewery.com,+1 787-648-5655,17876485655,Cangrejo Arriba,7000 Carr. 187 RR2,Carolina,979,Carolina,Puerto Rico,PR,-65.9998234,18.4471931,"https://www.google.com/maps/preview/place/Ocean+Lab+Brewing+Co.,+7000+Carr.+187+RR2,+Carolina,+00979,+Puerto+Rico/@18.4471931,-65.9998234,3785a,13.1y/data=!4m2!3m1!1s0x8c0365cd24844991:0xf2090e97e2fc8446",8/30/2021,975,4.6,"{""1"":32.0,""2"":20.0,""3"":38.0,""4"":140.0,""5"":745.0}",1742,https://lh5.googleusercontent.com/p/AF1QipPOn58n-1B0sWgDl6H8BnF8mmem-Xugr5o0ZGRl,https://lh5.googleusercontent.com/p/AF1QipNyWuGOeKLyGyTJfe3yJ3H_t1XgzToleufHREXy,"[""https:\/\/lh5.googleusercontent.com\/p\/AF1QipPOn58n-1B0sWgDl6H8BnF8mmem-Xugr5o0ZGRl"",""https:\/\/lh5.googleusercontent.com\/p\/AF1QipNyWuGOeKLyGyTJfe3yJ3H_t1XgzToleufHREXy""]"
,,0x8c0367cdb57d19d1:0x96b22787d643defe,The Taco Maker,"9XQ9+V9R The Taco Maker, Calle 25A, San Juan, 00926, Puerto Rico",No,,Mexican restaurant,Mexican restaurant,http://www.tacomaker.com,http://www.tacomaker.com,,,"Sabana Llana Sur, San Juan, Puerto Rico","9XQ9+V9R, Calle 25A",San Juan,926,San Juan,Puerto Rico,PR,-66.0316239,18.3897296,"https://www.google.com/maps/preview/place/9XQ9%2BV9R+The+Taco+Maker,+Calle+25A,+San+Juan,+00926,+Puerto+Rico/@18.3897296,-66.0316239,3786a,13.1y/data=!4m2!3m1!1s0x8c0367cdb57d19d1:0x96b22787d643defe",8/30/2021,486,4.1,"{""1"":32.0,""2"":14.0,""3"":64.0,""4"":120.0,""5"":256.0}",17,https://lh5.googleusercontent.com/p/AF1QipMXX-U1EOi10s1hb6SC4dYB142cFvSgbkIk2Mtm,https://lh5.googleusercontent.com/p/AF1QipPKuUiEDX9kZiajUaoM9XrJC_bPKcDPOGXE2pSr,"[""https:\/\/lh5.googleusercontent.com\/p\/AF1QipMXX-U1EOi10s1hb6SC4dYB142cFvSgbkIk2Mtm"",""https:\/\/lh5.googleusercontent.com\/p\/AF1QipPKuUiEDX9kZiajUaoM9XrJC_bPKcDPOGXE2pSr""]"
LA VIEJA LLC,https://rcp.estado.pr.gov/en/entity-information?c=373381-1511,0x8c036874419f7f63:0x9103176a38b42771,La Vieja Pizza & Beer,"La Vieja Pizza & Beer, Urb. Sagrado Corazon, 400 C. San Claudio, San Juan, 00926, Puerto Rico",No,,Pizza restaurant,"Beer garden,Beer hall,Craft store,Pizza restaurant",https://qrco.de/bbY10Z,https://qrco.de,+1 787-674-4411,17876744411,Cupey,"Urb. Sagrado Corazon, 400 C. San Claudio",San Juan,926,San Juan,Puerto Rico,PR,-66.05093,18.378033,"https://www.google.com/maps/preview/place/La+Vieja+Pizza+%26+Beer,+Urb.+Sagrado+Corazon,+400+C.+San+Claudio,+San+Juan,+00926,+Puerto+Rico/@18.378033,-66.05093,3786a,13.1y/data=!4m2!3m1!1s0x8c036874419f7f63:0x9103176a38b42771",8/30/2021,243,4.5,"{""1"":5.0,""2"":7.0,""3"":17.0,""4"":50.0,""5"":164.0}",274,https://lh5.googleusercontent.com/p/AF1QipOHmTDTBnUK1iuOIkQoiaLXnlcfkujcfnK1iVbc,https://lh5.googleusercontent.com/p/AF1QipOIpFhg3iNU-SbRAgEwTzTE7Dtn3hHZYro1_qQk,"[""https:\/\/lh5.googleusercontent.com\/p\/AF1QipOHmTDTBnUK1iuOIkQoiaLXnlcfkujcfnK1iVbc"",""https:\/\/lh5.googleusercontent.com\/p\/AF1QipOIpFhg3iNU-SbRAgEwTzTE7Dtn3hHZYro1_qQk""]"
RESTAURANTE CASTELLANA INC.,https://rcp.estado.pr.gov/en/entity-information?c=383434-111,0x8c036690cd893aa3:0xe68fe0cb36eb28f7,Restaurante Castellana,"Restaurante Castellana, Castellana Gardens, Calle Castella, 00983, Puerto Rico",No,,Puerto Rican restaurant,Puerto Rican restaurant,https://www.facebook.com/rest.castellana,https://www.facebook.com,+1 787-701-9999,17877019999,"Sabana Abajo, Carolina, Puerto Rico","Castellana Gardens, Calle Castella",Carolina,983,Carolina,Puerto Rico,PR,-65.9809165,18.418583,"https://www.google.com/maps/preview/place/Restaurante+Castellana,+Castellana+Gardens,+Calle+Castella,+00983,+Puerto+Rico/@18.418583,-65.9809165,3785a,13.1y/data=!4m2!3m1!1s0x8c036690cd893aa3:0xe68fe0cb36eb28f7",8/30/2021,1012,4.6,"{""1"":23.0,""2"":9.0,""3"":57.0,""4"":156.0,""5"":767.0}",87,https://lh5.googleusercontent.com/p/AF1QipP0-ZH-DfSt7wa7Ph9o9DTPb24v8VZymLQwbQA6,https://lh5.googleusercontent.com/p/AF1QipMCmBs6OUI4Hzoqh6MHVxE2lb0-oHA4IBA5J8-u,"[""https:\/\/lh5.googleusercontent.com\/p\/AF1QipP0-ZH-DfSt7wa7Ph9o9DTPb24v8VZymLQwbQA6"",""https:\/\/lh5.googleusercontent.com\/p\/AF1QipMCmBs6OUI4Hzoqh6MHVxE2lb0-oHA4IBA5J8-u""]"
,,0x8c0369047d000001:0xb42011a47e7f373a,Marco's Pizza,"Marco's Pizza, Plaza Caparra, 1498 Avenida F.D. Roosevelt Local 13, Guaynabo, 00968, Puerto Rico",No,Counter-serve/delivery pizzeria chain,Pizza takeaway,"Pizza restaurant,Pizza takeaway,Takeout restaurant",https://www.marcos.com,https://www.marcos.com,+1 787-705-6340,17877056340,"Pueblo Viejo, Guaynabo, Puerto Rico","Plaza Caparra, 1498 Avenida F.D. Roosevelt Local 13",Guaynabo,968,Guaynabo,Puerto Rico,PR,-66.1002758,18.4108129,"https://www.google.com/maps/preview/place/Marco's+Pizza,+Plaza+Caparra,+1498+Avenida+F.D.+Roosevelt+Local+13,+Guaynabo,+00968,+Puerto+Rico/@18.4108129,-66.1002758,3786a,13.1y/data=!4m2!3m1!1s0x8c0369047d000001:0xb42011a47e7f373a",8/30/2021,483,4.3,"{""1"":32.0,""2"":13.0,""3"":30.0,""4"":99.0,""5"":309.0}",71,https://lh5.googleusercontent.com/p/AF1QipNz8ZAYsMEJFSFIT3X82qncIctYqwFxme3UH6j1,https://lh5.googleusercontent.com/p/AF1QipM-L4denGN-tG_9IWLdquBS9_0A_DXVth8tEcul,"[""https:\/\/lh5.googleusercontent.com\/p\/AF1QipNz8ZAYsMEJFSFIT3X82qncIctYqwFxme3UH6j1"",""https:\/\/lh5.googleusercontent.com\/p\/AF1QipM-L4denGN-tG_9IWLdquBS9_0A_DXVth8tEcul""]"
,,0x8c0368da270fc6cb:0x7997c85ad178fc00,Sam's Club,"Sam's Club, PR-2, 2 Kennedy Ave Km 2, San Juan, 00920, Puerto Rico",No,"Visit your San Juan Sam's Club. Members enjoy exceptional warehouse club values on superior products and services, including groceries, pharmacy, optical, home furnishings, office supplies, TVs, and more.",Warehouse club,"Bakery,Electronics store,Produce wholesaler,Warehouse club,Wholesale grocer",https://www.samsclub.com/club/san-juan-pr-sams-club/4866,https://www.samsclub.com,+1 787-522-3600,17875223600,Hato Rey Norte,"PR-2, 2 Kennedy Ave Km 2",San Juan,920,San Juan,Puerto Rico,PR,-66.0878376,18.4320398,"https://www.google.com/maps/preview/place/Sam's+Club,+PR-2,+2+Kennedy+Ave+Km+2,+San+Juan,+00920,+Puerto+Rico/@18.4320398,-66.0878376,3785a,13.1y/data=!4m2!3m1!1s0x8c0368da270fc6cb:0x7997c85ad178fc00",8/30/2021,3039,4.5,"{""1"":115.0,""2"":54.0,""3"":140.0,""4"":558.0,""5"":2172.0}",953,https://lh5.googleusercontent.com/p/AF1QipMTqc8BsP9hVDolLECzbbD0qQD_UZiEsOdRYui1,https://lh5.googleusercontent.com/p/AF1QipPcCjF5MlSbLqncAFn4i1mnqSl4xRTpY0tiGcxW,"[""https:\/\/lh5.googleusercontent.com\/p\/AF1QipMTqc8BsP9hVDolLECzbbD0qQD_UZiEsOdRYui1"",""https:\/\/lh5.googleusercontent.com\/p\/AF1QipPcCjF5MlSbLqncAFn4i1mnqSl4xRTpY0tiGcxW""]"
,,0x8c031f473282e095:0x13ce484eea646994,Olive Garden Italian Restaurant,"Olive Garden Italian Restaurant, 1 Premium Outlets Blvd, Barceloneta, 00617, Puerto Rico",No,"La mejor comida italiana preparada fresca para que disfrutes en un ambiente familiar y seguro. Saborea clásicos platos italianos o prepara tu propia pasta, siempre con breadsticks y sopa o ensalada ilimitada en el restaurante.",Italian restaurant,"Italian restaurant,Restaurant",https://www.grupocolongerena.com/olive-garden,https://www.grupocolongerena.com,+1 787-970-8747,17879708747,,1 Premium Outlets Blvd,Barceloneta,617,Barceloneta,Puerto Rico,PR,-66.5401128,18.4366657,"https://www.google.com/maps/preview/place/Olive+Garden+Italian+Restaurant,+1+Premium+Outlets+Blvd,+Barceloneta,+00617,+Puerto+Rico/@18.4366657,-66.5401128,3785a,13.1y/data=!4m2!3m1!1s0x8c031f473282e095:0x13ce484eea646994",8/30/2021,2815,4.6,"{""1"":83.0,""2"":59.0,""3"":131.0,""4"":470.0,""5"":2072.0}",932,https://lh5.googleusercontent.com/p/AF1QipPDaIgs1F_noZ_hFu4ny4nZmevu0_bTrGtSnW0,https://lh5.googleusercontent.com/p/AF1QipOAFr80HrSujx2I4zZHIUFgMeMla-rcULUxWHjT,"[""https:\/\/lh5.googleusercontent.com\/p\/AF1QipPDaIgs1F_noZ_hFu4ny4nZmevu0_bTrGtSnW0"",""https:\/\/lh5.googleusercontent.com\/p\/AF1QipOAFr80HrSujx2I4zZHIUFgMeMla-rcULUxWHjT""]"
"EL MESÓN SANDWICHES, LLC",https://rcp.estado.pr.gov/en/entity-information?c=318638-1531,0x8c0368c197fbf097:0xc14d9fc5aa1b2137,El Meson Sandwiches (Plaza las Américas),"El Meson Sandwiches (Plaza las Américas), MAC Cosmetics, Avenida F.D. Roosevelt Local 315, San Juan, 00918, Puerto Rico",No,"Restaurante fast-casual netamente Puertorriqueño desde 1972, enfocado en desayunos a cualquier hora, los mejores sándwiches y café puertorriqueño.",Restaurant,"Breakfast restaurant,Coffee store,Fast food restaurant,Restaurant,Sandwich shop",https://www.elmesonsandwiches.com,https://www.elmesonsandwiches.com,+1 787-753-1705,17877531705,Hato Rey Norte,"MAC Cosmetics, Avenida F.D. Roosevelt Local 315",San Juan,918,San Juan,Puerto Rico,PR,-66.0747902,18.4239681,"https://www.google.com/maps/preview/place/El+Meson+Sandwiches+(Plaza+las+Am%C3%A9ricas),+MAC+Cosmetics,+Avenida+F.D.+Roosevelt+Local+315,+San+Juan,+00918,+Puerto+Rico/@18.4239681,-66.0747902,3785a,13.1y/data=!4m2!3m1!1s0x8c0368c197fbf097:0xc14d9fc5aa1b213",8/30/2021,1836,4.4,"{""1"":63.0,""2"":35.0,""3"":174.0,""4"":389.0,""5"":1175.0}",130,https://lh5.googleusercontent.com/p/AF1QipNil0M55nugWU8Wz5vVb-uB6Zc87Ec9YHSLssKV,https://lh5.googleusercontent.com/p/AF1QipN4HgYI4FQhpAGTPiVaNPO3ZwItj0G_BkQh4bij,"[""https:\/\/lh5.googleusercontent.com\/p\/AF1QipNil0M55nugWU8Wz5vVb-uB6Zc87Ec9YHSLssKV"",""https:\/\/lh5.googleusercontent.com\/p\/AF1QipN4HgYI4FQhpAGTPiVaNPO3ZwItj0G_BkQh4bij""]"
"
FACTORIA LA SANSE INC.",https://rcp.estado.pr.gov/en/entity-information?c=335764-111,0x8c03689ebe93d673:0x5871b64674670289,La Factoría,"La Factoría, 148 C. de San Sebastián, San Juan, 00901, Puerto Rico",No,"The very moment you enter our doors you can feel that La Factoría is not your ordinary bar. Our unmarked location is full of secret passages that lead to our six bars, each curated with a different ambiance and drink menu. Whether you seek to enjoy craft cocktails, dance the night away to live music, or simply relax in good company, we got you.

We are humbled to be among The World's 50 Best Bars for 5 years in a row, and for our strong alliance with the Tales of the Cocktail Foundation.",Bar,"Bar,Cocktail bar",https://www.instagram.com/lafactoriapr?igsh=MWlycmxzdW1ld2gwOA%3D%3D,https://www.instagram.com,,,San Juan Antiguo,148 C. de San Sebastián,San Juan,901,San Juan,Puerto Rico,PR,-66.1175288,18.4672262,"https://www.google.com/maps/preview/place/La+Factor%C3%ADa,+148+C.+de+San+Sebasti%C3%A1n,+San+Juan,+00901,+Puerto+Rico/@18.4672262,-66.1175288,3784a,13.1y/data=!4m2!3m1!1s0x8c03689ebe93d673:0x5871b64674670289",8/30/2021,3961,4.6,"{""1"":115.0,""2"":62.0,""3"":160.0,""4"":573.0,""5"":3051.0}",4278,https://lh5.googleusercontent.com/p/AF1QipNx0wuaS_Xb99FA_ZzAlF1oG4j-rTTRSJA6_vIY,https://lh5.googleusercontent.com/p/AF1QipP6uk66qV1f1hE_UrqSrVUrqbCtRoXUG7lRh5HO,"[""https:\/\/lh5.googleusercontent.com\/p\/AF1QipNx0wuaS_Xb99FA_ZzAlF1oG4j-rTTRSJA6_vIY"",""https:\/\/lh5.googleusercontent.com\/p\/AF1QipP6uk66qV1f1hE_UrqSrVUrqbCtRoXUG7lRh5HO""]"
,,0x8c1d2b83dabe426b:0x5ded7c8f2b389956,Don Bistro,"Don Bistro, Carr Puerto Rico 2, Ponce, 00732, Puerto Rico",Yes,,Restaurant,Restaurant,,,+1 939-731-3199,19397313199,,PR-2,Ponce,732,Ponce,Puerto Rico,PR,-66.632591,17.9966335,"https://www.google.com/maps/preview/place/Don+Bistro,+Carr+Puerto+Rico+2,+Ponce,+00732,+Puerto+Rico/@17.9966335,-66.632591,3795a,13.1y/data=!4m2!3m1!1s0x8c1d2b83dabe426b:0x5ded7c8f2b389956",8/30/2021,223,4.2,"{""1"":22.0,""2"":5.0,""3"":17.0,""4"":39.0,""5"":140.0}",329,https://lh5.googleusercontent.com/p/AF1QipNdpmUKwlyJWqIHpX69_ghyhOc3_eS2csI2DDRP,https://lh5.googleusercontent.com/p/AF1QipMMMBrhsMIPEiB7vHd4tkmJcyJRFRnVWI0KrCgw,"[""https:\/\/lh5.googleusercontent.com\/p\/AF1QipNdpmUKwlyJWqIHpX69_ghyhOc3_eS2csI2DDRP"",""https:\/\/lh5.googleusercontent.com\/p\/AF1QipMMMBrhsMIPEiB7vHd4tkmJcyJRFRnVWI0KrCgw""]"
